"t";"pig";"FI";"OLW";"culled";"week";"pen";"feedMix"
1;1;2.1974036123754;33.7256032398815;0;1;3;1
1;2;2.05756414439679;28.5455875834205;0;1;3;1
1;3;2.11711383900519;29.819704858241;0;1;3;1
1;4;2.07778108183593;31.5269217357111;0;1;3;1
1;5;2.01416246371391;29.4686436103077;0;1;3;1
1;6;2.0468376937834;29.9934451825491;0;1;3;1
1;7;2.21811012030542;30.6987830687508;0;1;3;1
1;8;2.1876982638367;31.8568148255646;0;1;3;1
1;9;1.81047112479638;31.554567458401;0;1;3;1
1;10;2.12227116670027;30.851843462009;0;1;3;1
1;11;2.26062923588454;30.661486866123;0;1;3;1
1;12;2.00370272778259;32.7056259769355;0;1;3;1
1;13;1.70499372045154;31.9711274726292;0;1;3;1
1;14;1.85371422934309;33.6238531445958;0;1;3;1
1;15;2.15600937702495;33.3923510585505;0;1;3;1
2;1;2.23785828982558;31.5906536280633;0;1;3;1
2;2;1.88496687106505;30.2263414972153;0;1;3;1
2;3;2.45772365672352;31.9869842002498;0;1;3;1
2;4;2.06560173908594;32.851915152181;0;1;3;1
2;5;1.75416442873751;32.2094489390861;0;1;3;1
2;6;1.99441643346661;29.8082760076314;0;1;3;1
2;7;2.28940849540023;31.4283705624336;0;1;3;1
2;8;2.37910272628462;31.9156123201452;0;1;3;1
2;9;1.58843753434667;33.2107261460935;0;1;3;1
2;10;2.03426053611841;30.5161434026696;0;1;3;1
2;11;1.71689262945298;31.4680861607031;0;1;3;1
2;12;1.88414720037135;30.943677862531;0;1;3;1
2;13;1.50702131199703;31.5191913551279;0;1;3;1
2;14;1.81627576619003;30.5527367153889;0;1;3;1
2;15;2.39138107534097;34.9996597421188;0;1;3;1
3;1;2.15603054931086;34.8796642405682;0;1;3;1
3;2;1.95237828979713;30.156189623059;0;1;3;1
3;3;2.30648538385405;31.7568504736834;0;1;3;1
3;4;2.48596180774827;32.879334098216;0;1;3;1
3;5;2.04897500784645;32.9348261546899;0;1;3;1
3;6;1.90822787229448;31.9073639069632;0;1;3;1
3;7;2.6560938752192;32.683254478422;0;1;3;1
3;8;2.12305499801808;34.226801847108;0;1;3;1
3;9;1.99567569595368;34.3660514768363;0;1;3;1
3;10;1.60064634088425;32.3876784672826;0;1;3;1
3;11;1.92400650929495;32.4082500050179;0;1;3;1
3;12;1.63494748797405;33.35379193129;0;1;3;1
3;13;1.77419458776294;33.4744354048908;0;1;3;1
3;14;1.96337498633589;33.4095983079442;0;1;3;1
3;15;2.04667891299206;35.056279416219;0;1;3;1
4;1;2.29285408996569;34.777324328839;0;1;3;1
4;2;1.90482330515756;33.1442478361889;0;1;3;1
4;3;2.48986682117227;33.4854034131006;0;1;3;1
4;4;2.1013127342494;34.9680032712836;0;1;3;1
4;5;2.21978251805643;34.3413778138337;0;1;3;1
4;6;1.85604428649035;34.6845693600453;0;1;3;1
4;7;2.53444451784497;36.0517278152499;0;1;3;1
4;8;2.07672119663736;36.4636703736308;0;1;3;1
4;9;1.68721216900863;34.6823443009709;0;1;3;1
4;10;1.92660801121978;32.7796626100485;0;1;3;1
4;11;2.19243236771905;34.7943116941377;0;1;3;1
4;12;1.90995735555587;33.1815114174473;0;1;3;1
4;13;1.98523062671801;34.6915140746512;0;1;3;1
4;14;2.21203843771097;33.400930623051;0;1;3;1
4;15;2.23557157865216;36.530020125292;0;1;3;1
5;1;2.52102530164473;35.2728639939526;0;1;3;1
5;2;2.11895650581917;32.1851290414767;0;1;3;1
5;3;2.56433703436889;36.9332982391096;0;1;3;1
5;4;2.15586893428816;35.8813984715024;0;1;3;1
5;5;2.24130411004459;35.1206108314742;0;1;3;1
5;6;2.23467055827079;34.8101085189108;0;1;3;1
5;7;2.45402951582971;37.4316060524124;0;1;3;1
5;8;2.50757738160666;35.9189866754477;0;1;3;1
5;9;1.75983568716231;34.0702597054268;0;1;3;1
5;10;2.0782390665812;34.2684288145952;0;1;3;1
5;11;2.21054235325935;34.963619120322;0;1;3;1
5;12;2.10003378695448;33.5639601491428;0;1;3;1
5;13;1.83214036971705;33.9510584908832;0;1;3;1
5;14;2.15522533702798;33.6590009809908;0;1;3;1
5;15;2.53249318444121;37.8510692238672;0;1;3;1
6;1;2.33093475734709;37.6751764346978;0;1;3;1
6;2;1.83549107594189;35.287873319343;0;1;3;1
6;3;2.34286475872104;36.9198457084076;0;1;3;1
6;4;2.24040209121939;36.0896123271252;0;1;3;1
6;5;2.22164880822188;37.8504458243192;0;1;3;1
6;6;2.12556676593942;36.6849398473029;0;1;3;1
6;7;2.30089779886484;36.1962392865004;0;1;3;1
6;8;2.54508055460967;36.1328872739009;0;1;3;1
6;9;2.10201075237007;35.2062240951711;0;1;3;1
6;10;2.19602519021057;35.4852681874777;0;1;3;1
6;11;2.3340040393431;37.4841941025263;0;1;3;1
6;12;2.2013861589403;34.7906618071175;0;1;3;1
6;13;1.58764113778519;35.1716772022165;0;1;3;1
6;14;2.10980445410064;35.6192834002328;0;1;3;1
6;15;2.43032406580014;37.8138571472434;0;1;3;1
7;1;2.28272671939256;37.6355647191247;0;1;3;1
7;2;1.98388359052368;35.0337568691683;0;1;3;1
7;3;2.48347229508712;36.4813299177788;0;1;3;1
7;4;2.34299037275226;38.410725163414;0;1;3;1
7;5;1.98404125785839;39.1234269987253;0;1;3;1
7;6;2.01801513377196;36.0185235572075;0;1;3;1
7;7;2.48220473022799;38.5648204426877;0;1;3;1
7;8;2.45905106185176;37.2788895472476;0;1;3;1
7;9;1.74764177066783;36.3842512805954;0;1;3;1
7;10;2.11183836586734;35.4957183024396;0;1;3;1
7;11;2.39098273849211;36.8809122008556;0;1;3;1
7;12;2.05086179826104;35.8060559612609;0;1;3;1
7;13;2.29042118397461;36.2065145705934;0;1;3;1
7;14;1.88148352657904;37.6369325365768;0;1;3;1
7;15;2.58037192728789;39.5275404979591;0;1;3;1
8;1;2.75609511162558;40.3216081457866;0;2;3;1
8;2;1.79731864002872;36.0511679133842;0;2;3;1
8;3;2.65575836918992;35.9464769308671;0;2;3;1
8;4;2.30806109365914;38.4634360420871;0;2;3;1
8;5;2.5477635211768;39.0338675887629;0;2;3;1
8;6;2.08444338740888;35.2847076182599;0;2;3;1
8;7;2.50310492865989;38.5749130806436;0;2;3;1
8;8;2.76826687270314;37.3902841892821;0;2;3;1
8;9;1.93621419340344;35.0657976329566;0;2;3;1
8;10;1.77568586987809;36.0925158574934;0;2;3;1
8;11;2.3229661624178;39.4356523019662;0;2;3;1
8;12;2.24626777783067;38.2365481613763;0;2;3;1
8;13;2.17113158636179;36.616634343294;0;2;3;1
8;14;2.25172594686018;37.16329509863;0;2;3;1
8;15;2.47077701872031;40.0573387600223;0;2;3;1
9;1;2.58035869320281;39.3670702473265;0;2;3;1
9;2;2.08256851849291;38.0529889420664;0;2;3;1
9;3;2.53682416755475;40.3088189524965;0;2;3;1
9;4;2.33210856825407;40.4193535008262;0;2;3;1
9;5;2.46718437495715;41.9570446048616;0;2;3;1
9;6;1.79508964451929;38.7245673149856;0;2;3;1
9;7;2.37571775202986;41.8469859444386;0;2;3;1
9;8;2.61517773183132;39.3976760516069;0;2;3;1
9;9;1.85036736258556;40.0792593673404;0;2;3;1
9;10;2.07853791440133;39.0743118689189;0;2;3;1
9;11;2.33097003106857;40.1675287776931;0;2;3;1
9;12;1.80349139601432;38.6697111985843;0;2;3;1
9;13;1.92372716913567;37.3368689130331;0;2;3;1
9;14;2.24343462559968;38.8286662833098;0;2;3;1
9;15;2.61403225224661;42.4810956816944;0;2;3;1
10;1;2.57251283019753;41.1576751063149;0;2;3;1
10;2;1.82766722353646;35.9067601080065;0;2;3;1
10;3;2.57782284479073;41.8526822705433;0;2;3;1
10;4;2.16353760365704;40.4614310587159;0;2;3;1
10;5;2.35211205596999;42.1451876402562;0;2;3;1
10;6;2.25837305262588;39.5983744135879;0;2;3;1
10;7;2.65611623871006;41.5663377988043;0;2;3;1
10;8;3.25326041446048;41.6424878743179;0;2;3;1
10;9;1.9677176171167;37.017096653099;0;2;3;1
10;10;2.07652913484245;38.2241349748884;0;2;3;1
10;11;2.3667679120208;39.0872989498774;0;2;3;1
10;12;2.15974059282786;38.1094054944675;0;2;3;1
10;13;2.11190678797546;40.4570351922423;0;2;3;1
10;14;2.10066079949409;39.5218998806999;0;2;3;1
10;15;2.79332260338561;42.1799407932239;0;2;3;1
11;1;2.69455066651765;44.5508017304272;0;2;3;1
11;2;2.14721021154016;37.8698824452617;0;2;3;1
11;3;2.6088915514573;39.8983640155268;0;2;3;1
11;4;2.75610401699828;41.3349014830101;0;2;3;1
11;5;2.22079713877113;41.8732561624081;0;2;3;1
11;6;2.23405589094396;41.4198134472769;0;2;3;1
11;7;2.7285963461237;43.4056760670622;0;2;3;1
11;8;2.84364958378456;43.4422134370077;0;2;3;1
11;9;1.99336175458131;38.2961917227265;0;2;3;1
11;10;2.19199402744493;40.3334399769896;0;2;3;1
11;11;2.32026710735152;40.7517677910148;0;2;3;1
11;12;2.10807805379861;39.0520468780394;0;2;3;1
11;13;1.92299092490084;39.8529704495298;0;2;3;1
11;14;2.04157904161078;40.7612427222158;0;2;3;1
11;15;2.77019008650134;44.9291464049944;0;2;3;1
12;1;2.89977431609132;44.1236958977514;0;2;3;1
12;2;1.92326210884557;39.3854572570884;0;2;3;1
12;3;2.59891221447889;43.9619676904075;0;2;3;1
12;4;2.40834883662572;42.4814585361784;0;2;3;1
12;5;2.21375673892936;40.7880340635469;0;2;3;1
12;6;2.29537217567119;41.2588885838907;0;2;3;1
12;7;2.54651070169325;44.9302543454758;0;2;3;1
12;8;2.83723821161409;44.3551335890978;0;2;3;1
12;9;2.07691145579463;40.7730153746706;0;2;3;1
12;10;1.86838838252387;40.5355312761936;0;2;3;1
12;11;2.49244119175582;42.9753549214538;0;2;3;1
12;12;2.07221522089801;41.4968717238019;0;2;3;1
12;13;2.15643622014802;39.0404905234676;0;2;3;1
12;14;2.21727226786656;41.5070575488584;0;2;3;1
12;15;2.62993998195972;46.9349533824177;0;2;3;1
13;1;2.7549401732672;45.4832166333037;0;2;3;1
13;2;1.94287677665179;42.7350084258937;0;2;3;1
13;3;2.64789066448822;44.6440154787635;0;2;3;1
13;4;2.69318999656533;44.4254535076591;0;2;3;1
13;5;1.86241508962023;44.3726576158329;0;2;3;1
13;6;2.17752530845062;41.4695394516385;0;2;3;1
13;7;2.90130838786905;46.206482108703;0;2;3;1
13;8;2.93786940880531;44.9003254956806;0;2;3;1
13;9;2.12294241489995;41.5077759004955;0;2;3;1
13;10;2.04249187230397;40.5584914097236;0;2;3;1
13;11;2.42248912583088;43.9767598543653;0;2;3;1
13;12;2.12483894578287;42.6721734450995;0;2;3;1
13;13;1.90383665724737;40.0909580587835;0;2;3;1
13;14;2.40416857841648;43.8947075922321;0;2;3;1
13;15;3.0224673587992;47.4769876832197;0;2;3;1
14;1;2.72156983345227;46.5558746997343;0;2;3;1
14;2;2.03131504927713;40.3691817961739;0;2;3;1
14;3;2.84959117171393;47.202474807003;0;2;3;1
14;4;2.29253075997898;44.5436221271763;0;2;3;1
14;5;2.37764453803346;44.569388765776;0;2;3;1
14;6;2.13919936262723;44.0233328450457;0;2;3;1
14;7;2.92854595459333;46.8929539358791;0;2;3;1
14;8;2.70094887414954;47.6726874314748;0;2;3;1
14;9;2.1284083396247;41.757955038448;0;2;3;1
14;10;1.92256206317631;43.7416868073311;0;2;3;1
14;11;2.76873694625245;44.8570682746012;0;2;3;1
14;12;2.35897726231661;42.3765852208075;0;2;3;1
14;13;2.19127740453092;41.5910739961417;0;2;3;1
14;14;2.31028840484748;44.6032311219451;0;2;3;1
14;15;2.66796015303335;48.1783100145597;0;2;3;1
15;1;3.06363326893964;49.1377208017249;0;3;3;1
15;2;2.21164903500393;39.5001289933433;0;3;3;1
15;3;2.81683042586637;47.5928094058368;0;3;3;1
15;4;2.64927709770985;45.4507820413485;0;3;3;1
15;5;2.47309241602566;46.7414878390954;0;3;3;1
15;6;2.20905899409547;45.9839979715547;0;3;3;1
15;7;3.01726014165729;50.2666364659692;0;3;3;1
15;8;2.76647530937669;49.5935798474037;0;3;3;1
15;9;2.2449700394315;44.377935749247;0;3;3;1
15;10;1.95457102669656;42.3189386217927;0;3;3;1
15;11;2.480908370445;45.1006757372678;0;3;3;1
15;12;2.55149676505406;41.3863521590665;0;3;3;1
15;13;1.94428114109075;43.7601079978162;0;3;3;1
15;14;2.4010544266644;43.7768029103469;0;3;3;1
15;15;2.5966564291321;48.0207777972843;0;3;3;1
16;1;3.08475267604145;48.7058714694081;0;3;3;1
16;2;2.64361803043272;44.290596470739;0;3;3;1
16;3;3.0282843774767;51.0000076660654;0;3;3;1
16;4;2.70028022439848;46.0918858832979;0;3;3;1
16;5;2.50691246551195;46.8711269823264;0;3;3;1
16;6;2.30806686710825;45.0852534098657;0;3;3;1
16;7;3.09832028190308;49.8134311121861;0;3;3;1
16;8;3.02755489392792;52.336353173848;0;3;3;1
16;9;1.90588825446884;43.3815123541376;0;3;3;1
16;10;2.3833979768183;44.162015252795;0;3;3;1
16;11;2.48344048704503;45.3859434273151;0;3;3;1
16;12;2.38493315518625;45.3362148872953;0;3;3;1
16;13;1.77373372471819;44.4708858203321;0;3;3;1
16;14;1.91710792008644;44.5217588119451;0;3;3;1
16;15;2.87810516577717;50.820967976291;0;3;3;1
17;1;2.65226348360763;51.973011364865;0;3;3;1
17;2;2.25293182910474;44.2273712750971;0;3;3;1
17;3;3.00694218021822;51.1455486408255;0;3;3;1
17;4;2.63610799127345;48.835701738298;0;3;3;1
17;5;2.3143486560498;49.5553277625181;0;3;3;1
17;6;2.25611453955125;45.598262786498;0;3;3;1
17;7;2.90684255647162;52.3276735635768;0;3;3;1
17;8;2.91965847979323;51.2607396854816;0;3;3;1
17;9;2.06669081371249;44.8629269370332;0;3;3;1
17;10;2.44933876409644;44.8281605469359;0;3;3;1
17;11;2.49712605541937;46.7897953128383;0;3;3;1
17;12;2.41881763503023;46.0957463029335;0;3;3;1
17;13;1.92364156486145;45.1501868734834;0;3;3;1
17;14;2.61741424829511;46.7500261555224;0;3;3;1
17;15;2.71828042999352;53.4530385386675;0;3;3;1
18;1;2.77502359088017;53.359493628361;0;3;3;1
18;2;2.60711625215536;46.3255581219957;0;3;3;1
18;3;3.08766079189164;51.7498294597376;0;3;3;1
18;4;2.69338084853096;50.7357973572582;0;3;3;1
18;5;2.17328180314406;50.9856024599582;0;3;3;1
18;6;2.62633810863614;46.7934751065601;0;3;3;1
18;7;3.11272141034532;52.720951379568;0;3;3;1
18;8;3.05118564432836;54.1172085194468;0;3;3;1
18;9;2.30477854399038;45.7917701851398;0;3;3;1
18;10;2.15749930856752;48.3986882778786;0;3;3;1
18;11;2.63195064494801;49.4937963972935;0;3;3;1
18;12;2.49184388241998;44.6897161145676;0;3;3;1
18;13;2.13120309287569;45.2461081492046;0;3;3;1
18;14;2.28460741882353;46.9248987281378;0;3;3;1
18;15;3.01311444003264;53.7293059549849;0;3;3;1
19;1;3.11239087452582;53.3053454737979;0;3;3;1
19;2;2.38886405280817;44.2142039819113;0;3;3;1
19;3;2.94260211360197;53.3139717622062;0;3;3;1
19;4;2.72119740584253;51.7215647215186;0;3;3;1
19;5;2.38847683696318;51.0361838813013;0;3;3;1
19;6;2.22593833744586;46.2894506954008;0;3;3;1
19;7;3.13089597186328;54.7011353287984;0;3;3;1
19;8;3.18083435944212;53.3705075341908;0;3;3;1
19;9;2.0791676897408;46.0359619709539;0;3;3;1
19;10;2.53784420556949;46.485482420084;0;3;3;1
19;11;2.44827883311665;50.4163275593517;0;3;3;1
19;12;2.41053736593942;48.3169886434646;0;3;3;1
19;13;1.95789916875452;47.234866337292;0;3;3;1
19;14;2.66950550189295;45.2739729254472;0;3;3;1
19;15;2.85807623158812;52.2227822753082;0;3;3;1
20;1;3.14436259383087;55.1825233758998;0;3;3;1
20;2;2.21380573835023;47.6424292076368;0;3;3;1
20;3;2.7717701201305;53.0756281794497;0;3;3;1
20;4;2.71891914041175;52.4791761081206;0;3;3;1
20;5;2.69736534281105;51.3366059779933;0;3;3;1
20;6;2.36213810417959;47.9175109007097;0;3;3;1
20;7;3.04314112850977;56.3260984105463;0;3;3;1
20;8;3.09221239585296;53.8546230256361;0;3;3;1
20;9;2.18457819510483;46.4556036209006;0;3;3;1
20;10;2.24086482672709;50.9006244605938;0;3;3;1
20;11;2.69889291270258;51.6089201852374;0;3;3;1
20;12;2.34486905144578;49.3181452749134;0;3;3;1
20;13;2.12858361540885;44.6601760805027;0;3;3;1
20;14;2.54482163538551;50.2866103560009;0;3;3;1
20;15;2.80778719167891;55.0579788817499;0;3;3;1
21;1;3.16961674664549;56.7334884185721;0;3;3;1
21;2;2.30192132809815;48.5978440764292;0;3;3;1
21;3;3.23982704595216;56.6040087829334;0;3;3;1
21;4;2.50016165650672;53.8476843705599;0;3;3;1
21;5;2.77100146011492;51.0002232022841;0;3;3;1
21;6;2.44612361546626;51.4752161485554;0;3;3;1
21;7;3.03442866415041;59.6984180129301;0;3;3;1
21;8;3.14703448282636;55.6932050712706;0;3;3;1
21;9;2.27886693123567;48.9705280993714;0;3;3;1
21;10;2.49546083537285;49.9479364307051;0;3;3;1
21;11;2.49239558243384;51.3584094492127;0;3;3;1
21;12;2.37103252853298;50.0361750221546;0;3;3;1
21;13;2.31549638700196;49.0956685330125;0;3;3;1
21;14;2.52778929168698;51.6087579855127;0;3;3;1
21;15;2.93039123121309;56.0614019894662;0;3;3;1
22;1;2.99429344584418;58.6292942218422;0;4;3;1
22;2;2.49044315953585;50.1394279483539;0;4;3;1
22;3;2.99137823445752;56.3902067417918;0;4;3;1
22;4;2.55701866111112;56.0579873569573;0;4;3;1
22;5;2.35815670019495;56.0091889596907;0;4;3;1
22;6;2.61246027749226;50.8910092114219;0;4;3;1
22;7;2.92678746842404;58.3698038224857;0;4;3;1
22;8;2.93821256352363;57.845152545317;0;4;3;1
22;9;1.97086985358914;50.1512969213266;0;4;3;1
22;10;2.49520360786283;48.4408981968631;0;4;3;1
22;11;2.76812135059684;51.9921177091146;0;4;3;1
22;12;2.76329473803047;50.6969104810162;0;4;3;1
22;13;2.5890524982293;50.3641528984343;0;4;3;1
22;14;2.52304722559127;51.3168233017959;0;4;3;1
22;15;3.13210619687502;60.4747560848973;0;4;3;1
23;1;3.20857872107486;60.6216656947374;0;4;3;1
23;2;2.50777575628119;51.1433349018275;0;4;3;1
23;3;2.94650489685106;59.6379291909853;0;4;3;1
23;4;2.89939552925061;57.226809644789;0;4;3;1
23;5;2.73084255216492;54.427599634929;0;4;3;1
23;6;2.56622527746322;51.3552492092985;0;4;3;1
23;7;3.36519408644266;60.7087880882025;0;4;3;1
23;8;3.29763792952988;60.0795710002775;0;4;3;1
23;9;2.02061769761528;48.9555047485345;0;4;3;1
23;10;2.38665737644857;52.072797713547;0;4;3;1
23;11;2.80745878391198;55.3009878631306;0;4;3;1
23;12;2.3619513839016;51.1190666055961;0;4;3;1
23;13;2.25805548392748;50.2856353795724;0;4;3;1
23;14;2.57928353809612;52.688484147269;0;4;3;1
23;15;3.15674225553988;61.4554588089004;0;4;3;1
24;1;3.37034759749918;60.5922946684294;0;4;3;1
24;2;2.55836521776351;52.9518308174989;0;4;3;1
24;3;3.27940404369084;60.7447919220146;0;4;3;1
24;4;2.95038007113728;57.4218720973727;0;4;3;1
24;5;2.30692245147018;55.476065385561;0;4;3;1
24;6;2.50474360711634;52.2926084788605;0;4;3;1
24;7;3.311523584608;61.9692556156374;0;4;3;1
24;8;3.42110093636497;61.2212398488262;0;4;3;1
24;9;2.06087009610552;51.2710371601078;0;4;3;1
24;10;2.34669239810421;54.5131016717459;0;4;3;1
24;11;2.70082742913768;56.7190579816474;0;4;3;1
24;12;2.46069574850423;54.6511520026307;0;4;3;1
24;13;2.24020727495561;50.7186899294755;0;4;3;1
24;14;2.11262917905056;52.2842032835775;0;4;3;1
24;15;3.02662214984482;59.5776992094614;0;4;3;1
25;1;3.31699785907443;63.5914027896393;0;4;3;1
25;2;2.47806973993334;51.1978333960701;0;4;3;1
25;3;3.35667001854394;59.0470746927242;0;4;3;1
25;4;2.53752730133449;58.8204945547604;0;4;3;1
25;5;2.42826709217143;56.1023717891372;0;4;3;1
25;6;2.42499429165819;53.4355664191431;0;4;3;1
25;7;3.32159312817943;63.4968337138205;0;4;3;1
25;8;3.45794354872503;62.7363632562319;0;4;3;1
25;9;2.16235255166707;51.0325875734213;0;4;3;1
25;10;2.36721003195673;54.3668272206676;0;4;3;1
25;11;2.94725531654456;58.2083656846154;0;4;3;1
25;12;2.56997285488012;54.4313523750801;0;4;3;1
25;13;2.27306246457498;52.0409206212458;0;4;3;1
25;14;2.68962343092714;52.8908368025385;0;4;3;1
25;15;2.9680325846741;62.9571547775572;0;4;3;1
26;1;3.2031794253852;62.8831496262005;0;4;3;1
26;2;2.82950002087574;54.5971235035263;0;4;3;1
26;3;3.58728867053441;64.0683267358196;0;4;3;1
26;4;2.57911776434138;59.3890705861298;0;4;3;1
26;5;2.42626871558249;56.0568981435005;0;4;3;1
26;6;2.76286021790024;56.1213088950047;0;4;3;1
26;7;3.07387306186013;62.425184787853;0;4;3;1
26;8;3.56224098082876;67.3461031386148;0;4;3;1
26;9;2.28768002862513;51.3323193238502;0;4;3;1
26;10;2.51689622817023;54.6951351978778;0;4;3;1
26;11;2.6083706238703;58.4974470291186;0;4;3;1
26;12;2.51535825885749;55.6221341519775;0;4;3;1
26;13;1.91002623584008;53.8037216640609;0;4;3;1
26;14;2.63772728781099;56.3683670718395;0;4;3;1
26;15;3.26303813222681;65.1002114985187;0;4;3;1
27;1;3.620634524436;63.542381572328;0;4;3;1
27;2;2.69739967851529;53.3778031876563;0;4;3;1
27;3;3.40284877830458;65.2289613566818;0;4;3;1
27;4;2.55319629065352;59.254480522822;0;4;3;1
27;5;2.51745438011089;58.2754061705052;0;4;3;1
27;6;2.56667058574293;55.4287708090984;0;4;3;1
27;7;3.42635859577292;67.7794225587335;0;4;3;1
27;8;3.21002266954864;65.2606589616894;0;4;3;1
27;9;2.23823877116958;53.6850802750024;0;4;3;1
27;10;2.46199313505593;56.1307321256492;0;4;3;1
27;11;2.66365639826611;60.5662515652061;0;4;3;1
27;12;2.58877403443386;56.612049312789;0;4;3;1
27;13;2.41397864129197;55.2373233853712;0;4;3;1
27;14;2.71929811883695;57.5078594477372;0;4;3;1
27;15;3.14166956657239;63.2622017918601;0;4;3;1
28;1;3.50217658001953;68.5219083569963;0;4;3;1
28;2;2.51976564910103;57.7977804510254;0;4;3;1
28;3;3.25336564353892;64.7322518916362;0;4;3;1
28;4;3.02465809261354;63.2551439225348;0;4;3;1
28;5;2.72808643073956;58.7139277165039;0;4;3;1
28;6;2.44344914244287;58.3139182203763;0;4;3;1
28;7;3.09406050699954;68.6461621344396;0;4;3;1
28;8;3.41794846399601;67.5907863495177;0;4;3;1
28;9;2.53858719665006;56.1833152660339;0;4;3;1
28;10;2.53994094372754;58.2795954926902;0;4;3;1
28;11;2.83677823106294;59.2771569956689;0;4;3;1
28;12;2.47087241845804;58.1035408398087;0;4;3;1
28;13;2.16701376476191;54.6601711234253;0;4;3;1
28;14;2.71708282319192;57.1869121589429;0;4;3;1
28;15;3.08940875753518;69.1915820390363;0;4;3;1
29;1;3.62497427620018;69.654555442177;0;5;3;1
29;2;2.70256555066342;57.529023244079;0;5;3;1
29;3;3.61399122398328;69.4734483890545;0;5;3;1
29;4;2.88103804476545;63.9094405258018;0;5;3;1
29;5;2.18250164177695;59.8587611126133;0;5;3;1
29;6;2.86968062275462;57.1021214062255;0;5;3;1
29;7;3.48137269364616;69.0231378332262;0;5;3;1
29;8;3.62617793158626;70.5184657143229;0;5;3;1
29;9;2.18924346405438;55.3209088511418;0;5;3;1
29;10;2.35340084921451;58.4994612838836;0;5;3;1
29;11;2.72231348864469;63.1844251328573;0;5;3;1
29;12;2.59734958208595;58.6887365096531;0;5;3;1
29;13;2.23764720619535;56.2203500118033;0;5;3;1
29;14;2.8875981262163;60.6296958917822;0;5;3;1
29;15;3.20763201032095;68.3521328434602;0;5;3;1
30;1;3.30831566326474;71.399455908527;0;5;3;1
30;2;2.47875629975408;59.9376296210064;0;5;3;1
30;3;3.29565884917463;70.0658942008046;0;5;3;1
30;4;2.9172878730005;65.5377623445972;0;5;3;1
30;5;3.07975740051088;61.5027848498542;0;5;3;1
30;6;2.55606900731329;60.4651369194576;0;5;3;1
30;7;3.63398694014653;71.8845442585434;0;5;3;1
30;8;3.44386233076785;71.853227561518;0;5;3;1
30;9;2.59275726515034;57.0398229127346;0;5;3;1
30;10;2.51323344541684;58.9231499807644;0;5;3;1
30;11;3.09206324288095;64.5640777097641;0;5;3;1
30;12;2.62580540747437;60.7171966786672;0;5;3;1
30;13;2.29418649311002;57.0340241731807;0;5;3;1
30;14;2.40765212730775;60.5066044187904;0;5;3;1
30;15;3.38846009422235;70.4915600282689;0;5;3;1
31;1;3.78715560271608;74.3380892958558;0;5;3;1
31;2;2.92952055539046;60.0333756959883;0;5;3;1
31;3;3.51237348309824;70.5114699751892;0;5;3;1
31;4;2.91098643685601;64.0789454991179;0;5;3;1
31;5;2.84048833364316;63.1064705286093;0;5;3;1
31;6;2.58993539920379;60.2036309339842;0;5;3;1
31;7;3.67184787925186;72.4490612161921;0;5;3;1
31;8;3.59495831116182;73.263381605953;0;5;3;1
31;9;1.91634179649527;55.4829438573078;0;5;3;1
31;10;2.58270474981306;58.8411184485783;0;5;3;1
31;11;3.1012655575813;64.8405701748244;0;5;3;1
31;12;2.48554113425882;60.5909908430746;0;5;3;1
31;13;2.23309730934178;57.1586068379924;0;5;3;1
31;14;2.72424611049815;60.1850082875533;0;5;3;1
31;15;3.22473678668378;71.3647575549224;0;5;3;1
32;1;3.64453375512806;75.2704736692085;0;5;3;1
32;2;2.54651163453949;62.4018629566858;0;5;3;1
32;3;3.5290374570661;72.8802531228113;0;5;3;1
32;4;3.00702102588621;65.8859986618501;0;5;3;1
32;5;2.89664548547328;62.7873887573571;0;5;3;1
32;6;2.65402902255146;61.6386766844057;0;5;3;1
32;7;3.3919866676963;74.5030859453607;0;5;3;1
32;8;3.57599745957533;75.0150808866412;0;5;3;1
32;9;2.06237972108389;56.2783906080632;0;5;3;1
32;10;2.64997594780066;61.3162851260291;0;5;3;1
32;11;2.98613053932954;67.308364449892;0;5;3;1
32;12;2.54952987686359;61.6417324398476;0;5;3;1
32;13;2.48208267961306;59.416159062557;0;5;3;1
32;14;2.71171000815072;62.8710134712394;0;5;3;1
32;15;3.36225804573641;72.2221624912027;0;5;3;1
33;1;3.56048442050816;73.0405522525924;0;5;3;1
33;2;2.8832056362539;63.7440014411081;0;5;3;1
33;3;3.73672410966406;72.3054636344873;0;5;3;1
33;4;2.90666899708146;67.9688055622447;0;5;3;1
33;5;2.61157551530453;65.3877276958238;0;5;3;1
33;6;2.68629270864042;62.8568794754345;0;5;3;1
33;7;3.57217066475321;76.6240487793274;0;5;3;1
33;8;3.64568940553658;76.6475411159932;0;5;3;1
33;9;2.29279769883249;58.8847822297846;0;5;3;1
33;10;2.24859593656402;61.6419034113861;0;5;3;1
33;11;2.84308147012391;66.4818045526348;0;5;3;1
33;12;2.59898640777626;63.4473180483912;0;5;3;1
33;13;2.50090676221018;59.8096845830682;0;5;3;1
33;14;2.46334809749951;64.2545430389421;0;5;3;1
33;15;3.13385518293948;74.5129752360489;0;5;3;1
34;1;3.58500817296178;76.9689606232571;0;5;3;1
34;2;2.63432186236729;63.1237521748524;0;5;3;1
34;3;3.50215289403073;75.5911359983113;0;5;3;1
34;4;2.6498804137365;68.8365083448263;0;5;3;1
34;5;2.81370351957393;66.4516861006524;0;5;3;1
34;6;2.63676548171108;63.3294188191054;0;5;3;1
34;7;3.77619032833834;77.3087543837884;0;5;3;1
34;8;3.63545895443756;76.7884811175133;0;5;3;1
34;9;2.44132367609119;59.631637324379;0;5;3;1
34;10;2.45709693515048;62.6582915762735;0;5;3;1
34;11;2.83767816069521;70.702805611781;0;5;3;1
34;12;2.58099132978234;62.7203832578859;0;5;3;1
34;13;2.41882390159024;60.1305467843326;0;5;3;1
34;14;2.82897595169333;64.1651652185272;0;5;3;1
34;15;3.37781475297668;76.1683004955648;0;5;3;1
35;1;3.75345582746386;79.5340034762455;0;5;3;1
35;2;2.82958966289316;66.090847333141;0;5;3;1
35;3;3.61718862102472;76.5396135946373;0;5;3;1
35;4;2.98801100748852;69.5584042561564;0;5;3;1
35;5;3.13702254052824;66.924008310021;0;5;3;1
35;6;2.59691743497009;65.2005763704293;0;5;3;1
35;7;3.74907990068661;79.7325471894901;0;5;3;1
35;8;3.21056874255468;79.5947625079264;0;5;3;1
35;9;2.26573183034897;61.6217238784248;0;5;3;1
35;10;2.6348177324031;62.9587459048713;0;5;3;1
35;11;3.1962184665215;70.3383591239271;0;5;3;1
35;12;2.49364924250521;64.9550980641184;0;5;3;1
35;13;2.32797792028273;62.4978392960548;0;5;3;1
35;14;2.89679639088619;65.3571696671394;0;5;3;1
35;15;3.53244013263546;77.1737676882635;0;5;3;1
36;1;3.68138665170144;81.476348249945;0;6;3;1
36;2;2.66050253347918;65.7629659025629;0;6;3;1
36;3;3.85906314483579;79.7627390487655;0;6;3;1
36;4;2.88883186851114;72.62878555261;0;6;3;1
36;5;3.38865043174363;69.5835654424991;0;6;3;1
36;6;2.62808312057305;67.1018359091804;0;6;3;1
36;7;3.69068083931876;82.2224089205674;0;6;3;1
36;8;3.59508403557041;79.8358325165288;0;6;3;1
36;9;1.96149210644981;60.0019991373056;0;6;3;1
36;10;2.54768695295576;66.429618355333;0;6;3;1
36;11;2.76946588435595;70.9305664082391;0;6;3;1
36;12;2.75315453447845;65.6011305357997;0;6;3;1
36;13;2.18018363101526;61.1633584298977;0;6;3;1
36;14;2.45594495266048;67.1783431085353;0;6;3;1
36;15;3.4499938256943;78.577659836508;0;6;3;1
37;1;3.69054535624277;80.8054727387438;0;6;3;1
37;2;2.73905036725142;67.3329149172719;0;6;3;1
37;3;3.62730916804118;80.0429642331152;0;6;3;1
37;4;2.81135885587582;72.0425718238496;0;6;3;1
37;5;2.96087168731945;70.9341845971152;0;6;3;1
37;6;2.80531271789825;65.9599724449258;0;6;3;1
37;7;3.7034982662319;83.2198937439837;0;6;3;1
37;8;3.76303160460624;82.4860981930381;0;6;3;1
37;9;2.35868234461934;62.6417737183356;0;6;3;1
37;10;3.00655353214676;67.0862267664613;0;6;3;1
37;11;3.0147446027469;71.5885921911035;0;6;3;1
37;12;2.59759971976298;64.7349293166861;0;6;3;1
37;13;2.45097082357959;62.8724129220804;0;6;3;1
37;14;2.56777850688042;67.4589909337302;0;6;3;1
37;15;3.60991646657551;81.0614627986819;0;6;3;1
38;1;3.75295485413797;82.1509504109321;0;6;3;1
38;2;2.6230057865847;67.093882804556;0;6;3;1
38;3;3.72968072004374;81.9240891038017;0;6;3;1
38;4;2.66984221332928;73.3723153746675;0;6;3;1
38;5;2.75082273857798;72.8539642607272;0;6;3;1
38;6;2.70739944775119;67.5716300762827;0;6;3;1
38;7;3.82695348992934;84.9301606478726;0;6;3;1
38;8;3.78903120817691;83.975355558192;0;6;3;1
38;9;2.04462363638818;62.7531205696349;0;6;3;1
38;10;2.70539687053028;66.45295206646;0;6;3;1
38;11;2.72761433565644;72.6701364573123;0;6;3;1
38;12;2.81490468973387;68.3418776671149;0;6;3;1
38;13;2.26937918094015;65.1659247548929;0;6;3;1
38;14;2.98688730085115;69.9670918618825;0;6;3;1
38;15;3.65743744295941;82.142197194453;0;6;3;1
39;1;3.71694836801274;85.0564085951075;0;6;3;1
39;2;2.87734398940114;69.1279894402195;0;6;3;1
39;3;3.47767930949668;84.1570879744522;0;6;3;1
39;4;2.82495224643451;75.5918307937996;0;6;3;1
39;5;2.87441098773444;74.111296905224;0;6;3;1
39;6;2.60318229333682;67.6363995066095;0;6;3;1
39;7;3.84512451819181;83.7976228327258;0;6;3;1
39;8;3.50655630866123;87.5667632325663;0;6;3;1
39;9;2.27554665126003;64.7334082632872;0;6;3;1
39;10;2.67639423007422;69.6729490319351;0;6;3;1
39;11;3.26605891366095;76.3897008214578;0;6;3;1
39;12;2.66001084770742;71.2895975571959;0;6;3;1
39;13;2.20050379475705;64.6072204194163;0;6;3;1
39;14;2.74860337111882;68.98102546125;0;6;3;1
39;15;3.59798831225395;83.8518420175657;0;6;3;1
40;1;3.91960894740141;88.2212985114685;0;6;3;1
40;2;2.98042898717193;73.2761828511888;0;6;3;1
40;3;3.64144145278443;85.8035159956236;0;6;3;1
40;4;2.93970719407899;75.9363145945843;0;6;3;1
40;5;3.12676002655733;74.4712393142808;0;6;3;1
40;6;2.96479489106639;69.5744936128842;0;6;3;1
40;7;3.42358267827695;87.1807504799054;0;6;3;1
40;8;3.72300245488435;87.5153042225786;0;6;3;1
40;9;2.23593955533147;63.2730884356245;0;6;3;1
40;10;2.95179422813614;69.1895796311898;0;6;3;1
40;11;2.90009448842101;75.6175042275386;0;6;3;1
40;12;2.71397353953397;71.7441557680856;0;6;3;1
40;13;2.3311557608991;66.3420195991091;0;6;3;1
40;14;2.6189972941406;71.1237465594447;0;6;3;1
40;15;3.95303622352051;86.383737428598;0;6;3;1
41;1;3.98951458689955;87.8070779807975;0;6;3;1
41;2;2.69536732616844;71.677058468478;0;6;3;1
41;3;3.7712941946355;86.4969902654639;0;6;3;1
41;4;2.87039782950849;76.3950740005353;0;6;3;1
41;5;3.10061624302797;74.2590367573053;0;6;3;1
41;6;2.59445958599451;70.6816074327799;0;6;3;1
41;7;3.56470810790301;88.897928635487;0;6;3;1
41;8;3.56503170682109;88.3084772288317;0;6;3;1
41;9;2.09109851084965;65.3273972230066;0;6;3;1
41;10;2.68820249980408;69.8204133283473;0;6;3;1
41;11;3.18499256747636;76.8531109931013;0;6;3;1
41;12;2.97178199725704;73.30575911851;0;6;3;1
41;13;2.32746193660532;66.1960305697423;0;6;3;1
41;14;2.91171731514875;72.6091615261504;0;6;3;1
41;15;3.54667337527631;85.3671356571053;0;6;3;1
42;1;3.72268515741797;91.217167906545;0;6;3;1
42;2;2.98066398240008;74.0666363773955;0;6;3;1
42;3;3.82691466254581;89.4823321049929;0;6;3;1
42;4;3.29744924444559;76.6232870212202;0;6;3;1
42;5;2.93266594641645;78.1785125184105;0;6;3;1
42;6;2.78402733087351;70.9732504859557;0;6;3;1
42;7;3.8000577818583;91.823850867844;0;6;3;1
42;8;3.92164897644519;89.4552947289233;0;6;3;1
42;9;2.36895522147852;64.5408729003951;0;6;3;1
42;10;2.74440774981041;73.8873521424651;0;6;3;1
42;11;3.10300221263527;76.5178504894145;0;6;3;1
42;12;2.65542069711022;70.5702017138451;0;6;3;1
42;13;2.42622915798548;66.5768945131065;0;6;3;1
42;14;2.61400754389013;73.2147609350675;0;6;3;1
42;15;3.70049707144138;88.718828736968;0;6;3;1
43;1;3.98961267195427;92.8517810017755;0;7;3;1
43;2;2.82574538007817;73.611478144931;0;7;3;1
43;3;3.73206469949778;90.1716622164878;0;7;3;1
43;4;3.03649267865011;78.1579238911109;0;7;3;1
43;5;2.84563762046348;76.8908039621992;0;7;3;1
43;6;2.66852633591309;73.6132823097079;0;7;3;1
43;7;3.57053768247233;91.2230292021358;0;7;3;1
43;8;3.84328192649504;91.2786052880132;0;7;3;1
43;9;1.9958556318287;68.2769808309381;0;7;3;1
43;10;2.75310607861298;74.1996598852378;0;7;3;1
43;11;2.89597337284726;78.74641827978;0;7;3;1
43;12;2.99728856579304;73.5523630272103;0;7;3;1
43;13;2.01120397304992;67.6719375327222;0;7;3;1
43;14;2.90376514986511;76.1275777930159;0;7;3;1
43;15;3.82867783789116;90.1565109679719;0;7;3;1
44;1;3.89305165964538;95.1020409990571;0;7;3;1
44;2;2.81716913270712;76.52147514786;0;7;3;1
44;3;3.72217637041003;90.1984101065634;0;7;3;1
44;4;3.28877091474127;82.5778659751771;0;7;3;1
44;5;2.95415771716343;79.7856533604255;0;7;3;1
44;6;2.21857644357859;73.8749361348831;0;7;3;1
44;7;3.82103688129455;93.1225372078178;0;7;3;1
44;8;3.78744822044436;92.4139111470728;0;7;3;1
44;9;2.45889589398537;66.6467684254664;0;7;3;1
44;10;2.65008532739108;74.774511353333;0;7;3;1
44;11;3.13887405247086;80.0667097156442;0;7;3;1
44;12;2.55738794141215;74.3080820521985;0;7;3;1
44;13;2.54388574904717;67.8091821333735;0;7;3;1
44;14;2.83224402221129;74.4848427108984;0;7;3;1
44;15;3.39667556982694;92.4509268317896;0;7;3;1
45;1;4.06384126727023;94.009604668306;0;7;3;1
45;2;2.720599974461;76.1359552754115;0;7;3;1
45;3;4.15774797244897;94.8610222647726;0;7;3;1
45;4;2.89153695299965;83.4958544966421;0;7;3;1
45;5;2.99082091039617;80.8289096769785;0;7;3;1
45;6;2.59453405589609;75.9311049080779;0;7;3;1
45;7;3.59138237482664;94.270763532937;0;7;3;1
45;8;3.64379799012829;93.5002988509284;0;7;3;1
45;9;2.46232237003113;68.9664104837994;0;7;3;1
45;10;2.94708175534846;74.4291523658576;0;7;3;1
45;11;3.3695276527705;82.5154733909916;0;7;3;1
45;12;2.83859102105785;75.0821643288252;0;7;3;1
45;13;2.67905085298171;70.5129425460499;0;7;3;1
45;14;2.652713326474;76.7184627215946;0;7;3;1
45;15;3.58571573575714;91.9414360656531;0;7;3;1
46;1;3.91021913789736;97.0819712033039;0;7;3;1
46;2;2.74340482095791;77.3071682492097;0;7;3;1
46;3;4.10856707763156;93.9811310751611;0;7;3;1
46;4;3.17973920979699;85.3875024789637;0;7;3;1
46;5;2.86736563905129;80.658740454868;0;7;3;1
46;6;2.38158736186012;74.3726869644584;0;7;3;1
46;7;3.82395481959627;95.685626669658;0;7;3;1
46;8;4.0634017444103;97.1671662662778;0;7;3;1
46;9;2.48115410919782;70.2737513086007;0;7;3;1
46;10;3.00150888226797;75.3914289974759;0;7;3;1
46;11;3.20062733779521;83.4495664576285;0;7;3;1
46;12;2.81585155477512;76.7572407102492;0;7;3;1
46;13;2.3522031775841;71.3322431060788;0;7;3;1
46;14;2.83609734900054;76.775084486021;0;7;3;1
46;15;3.78262010422356;94.3728051397552;0;7;3;1
47;1;4.15622654491586;98.6337060312451;0;7;3;1
47;2;2.82001113213064;78.542376706488;0;7;3;1
47;3;3.98288769691469;98.8789383802208;0;7;3;1
47;4;3.39503872448139;86.1468135946361;0;7;3;1
47;5;2.91553201991141;82.3643148630981;0;7;3;1
47;6;2.79265614118267;78.3025833584281;0;7;3;1
47;7;3.96231735528576;99.1123587278923;0;7;3;1
47;8;3.94916145037672;97.7757400116265;0;7;3;1
47;9;2.16292751375064;71.8351031620591;0;7;3;1
47;10;2.7820812071117;79.2523093102398;0;7;3;1
47;11;3.24826509468599;87.7507774894113;0;7;3;1
47;12;2.77428148709658;78.5686545158381;0;7;3;1
47;13;2.17593428052098;70.9881903831759;0;7;3;1
47;14;2.60414195664655;76.9698034530839;0;7;3;1
47;15;3.45915670443871;96.3895277972533;0;7;3;1
48;1;3.92659234560554;99.9320729832209;0;7;3;1
48;2;2.83891530435201;81.9060738098994;0;7;3;1
48;3;4.16295697073858;97.9635037319982;0;7;3;1
48;4;3.10175879620003;85.4638984999581;0;7;3;1
48;5;2.66425891024652;82.9273533167961;0;7;3;1
48;6;2.46020695788641;76.4486693194343;0;7;3;1
48;7;3.95278917879256;101.2983577783;0;7;3;1
48;8;3.80980404798906;99.2480288091088;0;7;3;1
48;9;2.61225835398158;69.4024890656665;0;7;3;1
48;10;2.87550467200495;79.6716738284026;0;7;3;1
48;11;3.02985286143576;85.5729366186975;0;7;3;1
48;12;2.90997395334102;79.6983291012013;0;7;3;1
48;13;2.78272932629648;72.5514831559445;0;7;3;1
48;14;2.88811278010685;78.1392477557202;0;7;3;1
48;15;3.55889290609107;96.5546715369485;0;7;3;1
49;1;4.13654679212188;102.504595845314;0;7;3;1
49;2;2.73734898179284;80.8766274755823;0;7;3;1
49;3;3.87626435952984;103.56741683608;0;7;3;1
49;4;3.09925346620111;88.157608836867;0;7;3;1
49;5;3.06717859703706;85.7148284084748;0;7;3;1
49;6;2.79037232899006;77.8289708959579;0;7;3;1
49;7;3.93885961304827;102.179194757235;0;7;3;1
49;8;4.06124314442868;100.912121727268;0;7;3;1
49;9;2.23455076642622;70.8653357534112;0;7;3;1
49;10;2.7631257524172;79.1436693509419;0;7;3;1
49;11;3.09775904462156;86.5167607145765;0;7;3;1
49;12;2.74089459381915;79.6141820357024;0;7;3;1
49;13;2.33719988041225;73.8534771726128;0;7;3;1
49;14;2.83289114280507;82.4600712896932;0;7;3;1
49;15;3.43058570686295;98.388159583632;0;7;3;1
50;1;4.12145143854249;104.359653448923;0;8;3;1
50;2;2.72448145101147;82.0981906164242;0;8;3;1
50;3;4.11687429131753;102.708913782604;0;8;3;1
50;4;3.33995850515025;88.0619580763595;0;8;3;1
50;5;2.96873176589774;84.9202273173062;0;8;3;1
50;6;2.53019030266977;78.7107803784471;0;8;3;1
50;7;4.06283919624356;104.401038736761;0;8;3;1
50;8;3.7894854116833;104.507270639614;0;8;3;1
50;9;2.24609040016383;73.7590289464479;0;8;3;1
50;10;2.58953203616436;83.1169836775049;0;8;3;1
50;11;3.33924725944033;87.7646522765843;0;8;3;1
50;12;2.79080360853688;80.3975843579958;0;8;3;1
50;13;2.33007492608584;73.5448171129016;0;8;3;1
50;14;2.78177194234175;81.2489960321501;0;8;3;1
50;15;3.74033240715007;101.023384990388;0;8;3;1
51;1;3.8075457816085;105.324971679941;0;8;3;1
51;2;2.70190080493504;83.2098890917014;0;8;3;1
51;3;3.94831272076336;103.437600664284;0;8;3;1
51;4;3.05614551014348;91.2796697587817;0;8;3;1
51;5;2.89033060194539;89.3391997802185;0;8;3;1
51;6;2.35399367726602;81.0279514086144;0;8;3;1
51;7;3.97218701605769;106.343726520247;0;8;3;1
51;8;4.04512004488371;105.380999569066;0;8;3;1
51;9;2.46493604571325;73.2513446173176;0;8;3;1
51;10;2.44566514424365;81.4295112314955;0;8;3;1
51;11;2.91062349166396;90.737850532791;0;8;3;1
51;12;3.01355312577885;83.1194189191191;0;8;3;1
51;13;2.65493793492628;73.8231484097495;0;8;3;1
51;14;3.16590159374253;80.3736447361171;0;8;3;1
51;15;3.52003151386255;102.40752215238;0;8;3;1
52;1;3.8573990217447;106.000551708801;0;8;3;1
52;2;2.95093714378297;85.3769166437481;0;8;3;1
52;3;4.25824877152979;106.500242713823;0;8;3;1
52;4;2.94150162684173;91.6530007093735;0;8;3;1
52;5;2.98781299285246;87.184818382732;0;8;3;1
52;6;2.82496200910626;80.4992767452422;0;8;3;1
52;7;4.14515587516061;106.805287256194;0;8;3;1
52;8;4.11275470502653;106.792741442543;0;8;3;1
52;9;2.56714714782641;74.465900054821;0;8;3;1
52;10;3.010537171393;83.9431486603761;0;8;3;1
52;11;3.27050134239976;92.0292616416233;0;8;3;1
52;12;3.05525687617577;85.6129144987476;0;8;3;1
52;13;2.23954323055746;78.1056962399043;0;8;3;1
52;14;2.9471539953074;82.9252909748124;0;8;3;1
52;15;3.883768317339;103.040814222451;0;8;3;1
53;1;3.97968327530643;107.721700644362;0;8;3;1
53;2;2.70966697300109;85.0620191098215;0;8;3;1
53;3;4.00876327296802;108.675663555014;0;8;3;1
53;4;3.06745368231921;92.6830128326051;0;8;3;1
53;5;3.12824085836445;87.6853642195185;0;8;3;1
53;6;2.73950361530837;83.3771212634594;0;8;3;1
53;7;3.83950560863975;107.70325206968;0;8;3;1
53;8;3.53828943367464;108.072873819818;0;8;3;1
53;9;2.62953413273522;75.8192429557922;0;8;3;1
53;10;2.86876517034298;82.5623292686127;0;8;3;1
53;11;2.98158416801793;90.669108300187;0;8;3;1
53;12;2.83064390517794;85.1476542458715;0;8;3;1
53;13;2.28454374222388;75.7561208149445;0;8;3;1
53;14;2.89321477681368;86.3128207415391;0;8;3;1
53;15;3.73863283483145;104.283093884952;0;8;3;1
54;1;4.09509380715994;110.948775547708;0;8;3;1
54;2;2.62424521359597;86.632033470562;0;8;3;1
54;3;4.17785117295005;108.565253465734;0;8;3;1
54;4;3.05468848534748;92.3066910207832;0;8;3;1
54;5;2.9627037546391;90.0395494535942;0;8;3;1
54;6;2.7485476014458;84.1042780237183;0;8;3;1
54;7;3.78585193253751;110.535821584749;0;8;3;1
54;8;4.07798705976374;110.580630271225;0;8;3;1
54;9;2.45832152912274;78.1326846235225;0;8;3;1
54;10;2.73604135517048;84.0979317350256;0;8;3;1
54;11;3.31945173467946;94.3079473359752;0;8;3;1
54;12;2.91634566921452;86.844509461546;0;8;3;1
54;13;2.6032364765054;77.0261223102343;0;8;3;1
54;14;2.69004699449148;85.9670059462255;0;8;3;1
54;15;3.77505045678991;106.133409724656;0;8;3;1
55;1;4.16972441836091;112.322264630103;0;8;3;1
55;2;2.87029153027122;89.8932277126846;0;8;3;1
55;3;4.18687512794371;108.593265051775;0;8;3;1
55;4;3.36897901125381;93.9496234275319;0;8;3;1
55;5;3.27430468806274;93.2550130446627;0;8;3;1
55;6;2.64743480417272;84.0371173407016;0;8;3;1
55;7;3.92581509998201;109.842454885971;0;8;3;1
55;8;4.00600463427482;112.788704022475;0;8;3;1
55;9;2.1126516788022;76.7660962099152;0;8;3;1
55;10;2.63330082081577;87.2496597217877;0;8;3;1
55;11;3.36539165668392;95.0965929510982;0;8;3;1
55;12;3.11692157661688;88.4929396709427;0;8;3;1
55;13;2.61427525801549;77.7314182933224;0;8;3;1
55;14;3.00231001886933;88.2766896416151;0;8;3;1
55;15;3.60890317245413;106.340758911913;0;8;3;1
56;1;4.03865717034705;113.131592968095;0;8;3;1
56;2;2.77261382271943;90.60978116138;0;8;3;1
56;3;4.36236201230972;110.849525019863;0;8;3;1
56;4;3.36879524632067;95.383816161166;0;8;3;1
56;5;3.06922907587131;92.368804294558;0;8;3;1
56;6;2.90776007889699;85.7571776390803;0;8;3;1
56;7;4.15972494357158;113.401791927468;0;8;3;1
56;8;4.10056980218279;114.501458835925;0;8;3;1
56;9;2.42674938792702;76.3004901643129;0;8;3;1
56;10;2.83711402799203;88.0445690124739;0;8;3;1
56;11;3.13963258335572;96.5589409192819;0;8;3;1
56;12;2.82650334044544;88.5540296404731;0;8;3;1
56;13;2.32826289367415;77.8955521172143;0;8;3;1
56;14;2.92182863044273;86.8112660287418;0;8;3;1
56;15;4.06307431705513;108.143037549923;0;8;3;1
57;1;4.14516315578977;115.226578619306;1;9;3;1
57;2;2.85473881519156;90.2586406848094;0;9;3;1
57;3;4.01880806237016;114.369211088307;0;9;3;1
57;4;3.22590296636326;96.8894375125956;0;9;3;1
57;5;2.94126640006295;93.8663600203674;0;9;3;1
57;6;3.02939102311333;86.9482180005473;0;9;3;1
57;7;4.21145633096531;115.520299648021;1;9;3;1
57;8;3.87824930960429;114.693103549678;1;9;3;1
57;9;2.53031939782448;79.6884492124165;0;9;3;1
57;10;2.64638237253222;88.9586476027098;0;9;3;1
57;11;3.50310200434272;96.3774897731248;0;9;3;1
57;12;2.73540570535627;87.3458291096782;0;9;3;1
57;13;2.49318678388237;81.1717743018794;0;9;3;1
57;14;2.93403239646882;89.1202217905147;0;9;3;1
57;15;3.86489806434878;112.007910829857;0;9;3;1
58;1;4.10590039465977;115.860618168512;1;9;3;1
58;2;2.83280909604392;89.62876679643;0;9;3;1
58;3;4.11304107794969;115.414140446626;0;9;3;1
58;4;3.45835805881462;97.9810742074435;0;9;3;1
58;5;3.30086657707026;96.0484237615074;0;9;3;1
58;6;2.93799925723326;88.2614818513764;0;9;3;1
58;7;4.12919546098059;116.205299958236;1;9;3;1
58;8;4.11388304181171;116.898320670867;1;9;3;1
58;9;2.32827305827032;80.12794090043;0;9;3;1
58;10;2.99029520913736;90.6822528432742;0;9;3;1
58;11;3.29806174255203;97.7133342661106;0;9;3;1
58;12;2.85035389206619;89.4182992449602;0;9;3;1
58;13;2.39674621819204;81.6352902394311;0;9;3;1
58;14;2.91180309173955;89.1140274739067;0;9;3;1
58;15;3.70670292076272;114.650708659308;0;9;3;1
59;1;3.84393540411727;116.247521522565;1;9;3;1
59;2;2.75899153998113;91.8110602745816;0;9;3;1
59;3;4.07693545121419;118.809351872477;0;9;3;1
59;4;3.22173380555826;101.093637289708;0;9;3;1
59;5;3.16970010205984;98.1833583897711;0;9;3;1
59;6;2.69129922369298;87.7439911362464;0;9;3;1
59;7;3.79619152597766;116.813484211036;1;9;3;1
59;8;3.97912784412333;119.457014178398;1;9;3;1
59;9;2.52849522785864;81.1917115510232;0;9;3;1
59;10;2.8719101577637;91.2139725856367;0;9;3;1
59;11;3.1101006567889;98.7771668403436;0;9;3;1
59;12;3.10924022796793;90.9545256173784;0;9;3;1
59;13;2.18132285393651;82.0859254079722;0;9;3;1
59;14;2.69259219027302;92.0899614388645;0;9;3;1
59;15;3.80794953562174;115.233118929361;0;9;3;1
60;1;4.14679462414995;119.6698171767;1;9;3;1
60;2;3.01211417542493;93.3378285360325;0;9;3;1
60;3;4.14159585348902;119.396157978783;0;9;3;1
60;4;3.37936260787057;99.0245730019118;0;9;3;1
60;5;3.11638576357357;99.2570031672555;0;9;3;1
60;6;2.795232982722;88.6793185003199;0;9;3;1
60;7;4.0382489853765;118.897556659762;1;9;3;1
60;8;3.97668043318639;119.268427773087;1;9;3;1
60;9;2.58987922072541;79.8279339112131;0;9;3;1
60;10;2.84441807759297;90.5974700675013;0;9;3;1
60;11;3.21184481061659;100.392273864114;0;9;3;1
60;12;2.75488460812029;91.7355470486104;0;9;3;1
60;13;2.60549818306657;83.1769045666642;0;9;3;1
60;14;2.64810562973148;90.0491002547331;0;9;3;1
60;15;3.75461489314556;115.935740030035;0;9;3;1
61;1;3.88578442345128;121.158748858419;1;9;3;1
61;2;2.70627725464331;93.6758664323718;0;9;3;1
61;3;4.46213828783163;122.85100837064;0;9;3;1
61;4;3.34710475157188;103.484773775873;0;9;3;1
61;5;3.17576972056448;99.1671858343477;0;9;3;1
61;6;2.67998684864013;90.5438132830405;0;9;3;1
61;7;4.18123713901841;121.58449791761;1;9;3;1
61;8;4.15280056529548;120.563398762855;1;9;3;1
61;9;2.58336712801628;82.3612455134708;0;9;3;1
61;10;2.90724582247789;92.2192422165267;0;9;3;1
61;11;3.06219285472573;102.91640661319;0;9;3;1
61;12;2.86807025282631;93.3595516157085;0;9;3;1
61;13;2.2765102732233;84.3370563470612;0;9;3;1
61;14;2.82558028930412;90.8652503228316;0;9;3;1
61;15;3.53450278997251;117.037868409295;0;9;3;1
62;1;3.87305578752597;120.186742836436;1;9;3;1
62;2;2.63792878782606;93.5826184775847;0;9;3;1
62;3;4.16129295990193;123.463335839482;0;9;3;1
62;4;3.28011076249517;104.329248912278;0;9;3;1
62;5;3.06332725260541;101.408797991699;0;9;3;1
62;6;2.52616968863378;90.8477524885099;0;9;3;1
62;7;4.05278276563697;120.703211670351;1;9;3;1
62;8;4.04595799632813;122.086172273746;1;9;3;1
62;9;2.36787369022722;82.4891413768594;0;9;3;1
62;10;2.75007419441242;95.2371841191726;0;9;3;1
62;11;3.08359349013946;103.017318864132;0;9;3;1
62;12;2.82560054187463;94.162320686949;0;9;3;1
62;13;2.63818933706662;83.7293738000869;0;9;3;1
62;14;2.86451693465941;93.17182316057;0;9;3;1
62;15;3.75520017259046;119.98662589232;0;9;3;1
63;1;3.92689159361027;124.950209915062;1;9;3;1
63;2;2.90812087904791;97.4321577085684;0;9;3;1
63;3;4.22059389996163;124.788928816557;0;9;3;1
63;4;3.13409602400977;105.048434138766;0;9;3;1
63;5;2.95085011464576;102.497983927798;0;9;3;1
63;6;2.65226586178481;92.9667011445171;0;9;3;1
63;7;4.00635948705511;124.915146037782;1;9;3;1
63;8;4.03800734982773;124.026041970612;1;9;3;1
63;9;2.48030063267524;81.9974183034942;0;9;3;1
63;10;2.94357733519785;93.7172871717915;0;9;3;1
63;11;3.42422188010074;105.254369907569;0;9;3;1
63;12;2.85867775065631;96.0754036476688;0;9;3;1
63;13;2.68420534044419;83.986760231203;0;9;3;1
63;14;2.79430798617716;92.6518187730564;0;9;3;1
63;15;3.68728740772178;121.164727980999;0;9;3;1
64;1;3.95460029769625;126.128522902361;1;10;3;1
64;2;2.48627006964378;98.4807777520746;0;10;3;1
64;3;3.82028497513024;124.670448799998;1;10;3;1
64;4;3.14111703271492;105.290092659604;0;10;3;1
64;5;3.12269860144996;101.685619796743;0;10;3;1
64;6;2.5802948356141;92.9610596722184;0;10;3;1
64;7;3.96946995475871;125.604888958318;1;10;3;1
64;8;3.96173189969027;124.528172497567;1;10;3;1
64;9;2.49494153270772;84.4563108754897;0;10;3;1
64;10;3.13346602797726;95.4506130400292;0;10;3;1
64;11;3.12297961191335;105.733292945812;1;10;3;1
64;12;2.78527154592229;97.1258700005803;0;10;3;1
64;13;2.74855355736305;84.8859912803055;0;10;3;1
64;14;2.94258606139501;92.0995772716866;0;10;3;1
64;15;3.89341750533286;120.769020823569;1;10;3;1
65;1;4.00642458525741;128.81523483836;1;10;3;1
65;2;2.80938596454063;99.937507994719;0;10;3;1
65;3;4.38461106107714;128.128356491273;1;10;3;1
65;4;3.08341942993057;106.936527138372;0;10;3;1
65;5;3.02973111516491;103.58884339698;0;10;3;1
65;6;2.54928546485722;92.7046532276425;0;10;3;1
65;7;4.25255048952118;127.221637543533;1;10;3;1
65;8;3.81818746704163;127.78488474544;1;10;3;1
65;9;2.32965586455372;84.2605022204032;0;10;3;1
65;10;2.86831913064114;98.1313499463529;0;10;3;1
65;11;3.19684348850582;107.615577092606;1;10;3;1
65;12;2.93744054953115;97.8962616429409;0;10;3;1
65;13;2.60484300869549;87.0050772899951;0;10;3;1
65;14;2.92541574964007;96.1861472038452;0;10;3;1
65;15;3.7327862045051;121.937203533258;1;10;3;1
66;1;3.87210846298257;129.175100010074;1;10;3;1
66;2;2.79399764994821;100.911107246669;0;10;3;1
66;3;4.47605102951486;131.693103056477;1;10;3;1
66;4;3.27780519677321;107.819506741168;0;10;3;1
66;5;3.32955064897163;105.50129738663;0;10;3;1
66;6;2.9023102462574;93.6867259967834;0;10;3;1
66;7;4.31409982386217;128.278476302213;1;10;3;1
66;8;3.84259968042993;129.042559654978;1;10;3;1
66;9;2.38405621114147;86.9336951521041;0;10;3;1
66;10;3.06904612884868;100.497871856941;0;10;3;1
66;11;3.20094368089521;108.243631771276;1;10;3;1
66;12;3.15281033141473;98.900678980225;0;10;3;1
66;13;2.65397866471506;88.0339226803622;0;10;3;1
66;14;2.8560344529727;97.5330893022006;0;10;3;1
66;15;3.76281809874123;124.382909203471;1;10;3;1
67;1;4.082620381456;130.760157996726;1;10;3;1
67;2;2.775172851518;100.396257339617;0;10;3;1
67;3;4.08195216601296;129.986274768511;1;10;3;1
67;4;3.17544595364805;107.585605002835;0;10;3;1
67;5;3.00439522730728;105.047715053357;0;10;3;1
67;6;2.73316577939922;95.3740943899311;0;10;3;1
67;7;4.14944278092021;130.557192901392;1;10;3;1
67;8;4.0919047855658;130.343786746499;1;10;3;1
67;9;2.15836443043829;87.2245907439899;0;10;3;1
67;10;2.89094432390176;99.8278434318928;0;10;3;1
67;11;3.05213711155199;110.891303196306;1;10;3;1
67;12;2.75318447045787;98.1462358681187;0;10;3;1
67;13;2.60346802564619;90.6537483083917;0;10;3;1
67;14;3.01697003508706;97.4494129117442;0;10;3;1
67;15;4.0262925593342;124.935053698837;1;10;3;1
68;1;4.11876078607387;133.20230002732;1;10;3;1
68;2;2.86802074553236;101.59407741825;0;10;3;1
68;3;4.06006818993146;132.556028077304;1;10;3;1
68;4;3.45618600661634;110.72902615843;0;10;3;1
68;5;3.16834450117548;106.417214900584;0;10;3;1
68;6;2.59781706349742;95.9545470668238;0;10;3;1
68;7;4.11520808837936;132.328364125902;1;10;3;1
68;8;4.19066688835896;132.444364028208;1;10;3;1
68;9;2.39814820269758;87.2034706207803;0;10;3;1
68;10;3.08133802697846;99.4884337370278;0;10;3;1
68;11;3.3716241295214;109.442740348401;1;10;3;1
68;12;2.86787915218495;99.5867471917857;0;10;3;1
68;13;2.06566623586148;88.8268892170041;0;10;3;1
68;14;2.84849461758715;99.029505911325;0;10;3;1
68;15;3.69445436555637;124.388559930603;1;10;3;1
69;1;4.11636451880424;133.067747155363;1;10;3;1
69;2;2.99622252892575;102.070274241369;0;10;3;1
69;3;4.05916361571819;134.113894747089;1;10;3;1
69;4;3.33488658658365;112.079931617358;0;10;3;1
69;5;2.94541721561026;107.10339408967;0;10;3;1
69;6;2.73808622260483;96.1553048072741;0;10;3;1
69;7;4.00963231654669;133.707948995518;1;10;3;1
69;8;4.10395547450062;133.274498904505;1;10;3;1
69;9;2.19046892956062;87.7495696994367;0;10;3;1
69;10;2.92046782870751;100.373153125261;0;10;3;1
69;11;3.24177368049381;111.737940149262;1;10;3;1
69;12;2.76996320562417;100.647297602394;0;10;3;1
69;13;2.50993458650991;91.0560624299848;0;10;3;1
69;14;3.20674025247995;99.4015904059765;0;10;3;1
69;15;3.38512383297897;127.783172519888;1;10;3;1
70;1;3.97527693067026;134.654546391498;1;10;3;1
70;2;2.75013113350665;104.1659154789;0;10;3;1
70;3;4.03719097016418;137.411021299073;1;10;3;1
70;4;3.52351851076628;111.638085911941;0;10;3;1
70;5;3.36834597112321;110.541500700591;0;10;3;1
70;6;2.48105128866585;97.7805957108966;0;10;3;1
70;7;4.20292371059323;135.602708336812;1;10;3;1
70;8;3.8868882153237;134.995663733479;1;10;3;1
70;9;2.3061287618752;90.5856103499687;0;10;3;1
70;10;2.95709502784379;101.961969714172;0;10;3;1
70;11;3.3537004407686;111.098588326978;1;10;3;1
70;12;2.69145587535443;102.688716322717;0;10;3;1
70;13;2.52787659707861;91.6710118333265;0;10;3;1
70;14;2.97816145472435;100.256638492808;0;10;3;1
70;15;3.6732781191318;128.932857613553;1;10;3;1
71;1;4.11051416598404;137.018758876774;1;11;3;1
71;2;2.95125956251635;105.005504608474;1;11;3;1
71;3;4.37370788227507;137.202609111893;1;11;3;1
71;4;3.1662100600753;113.776201942098;1;11;3;1
71;5;3.10873705944951;111.729294025741;1;11;3;1
71;6;2.81042605354338;96.4521959326236;1;11;3;1
71;7;4.04567621271145;136.475862383641;1;11;3;1
71;8;4.08288267478893;137.02707789198;1;11;3;1
71;9;2.36694618380323;91.5490795570032;1;11;3;1
71;10;2.69279815809862;101.734448164762;1;11;3;1
71;11;3.15189654993433;113.281340432471;1;11;3;1
71;12;2.95738064038561;103.0648506722;1;11;3;1
71;13;2.45690383391297;91.7303761673881;1;11;3;1
71;14;2.61956438559554;102.275020101172;1;11;3;1
71;15;3.84007014401855;129.62772534639;1;11;3;1
72;1;3.60458178117057;137.65689980343;1;11;3;1
72;2;2.86649123543308;107.239013030324;1;11;3;1
72;3;4.16405885074964;139.481073274725;1;11;3;1
72;4;3.30782899485241;113.740295849509;1;11;3;1
72;5;3.26476827174396;111.175482791268;1;11;3;1
72;6;2.63973689704292;97.8902585213811;1;11;3;1
72;7;3.71682644297785;137.821852803338;1;11;3;1
72;8;4.13695502694537;138.59605979125;1;11;3;1
72;9;2.52284456059177;89.5576579984123;1;11;3;1
72;10;3.01282006594266;104.78464914306;1;11;3;1
72;11;3.18977233791069;114.753127663883;1;11;3;1
72;12;2.89932220777299;104.543102593489;1;11;3;1
72;13;2.31863486443333;93.9032028041499;1;11;3;1
72;14;2.7393651756547;101.448959507025;1;11;3;1
72;15;4.00552210836439;131.523409670037;1;11;3;1
73;1;4.0930677243396;138.040081111221;1;11;3;1
73;2;3.2801313925732;108.881239231304;1;11;3;1
73;3;4.38610745785399;140.597141065551;1;11;3;1
73;4;3.57583729042615;118.006106863995;1;11;3;1
73;5;3.05872948350901;113.514489103381;1;11;3;1
73;6;2.98998723827441;98.363419813365;1;11;3;1
73;7;4.02176298943391;138.687832513823;1;11;3;1
73;8;3.97354196356899;141.074725231867;1;11;3;1
73;9;2.16873505951908;92.557684677927;1;11;3;1
73;10;2.91966994521852;105.567536808698;1;11;3;1
73;11;3.12771362245667;115.203588217251;1;11;3;1
73;12;2.99248282164768;105.778523419938;1;11;3;1
73;13;2.38991433613384;94.6882044182616;1;11;3;1
73;14;2.99001274354462;103.378002931068;1;11;3;1
73;15;3.65911441898634;134.411825097345;1;11;3;1
74;1;4.19171085211865;139.588022964409;1;11;3;1
74;2;2.77899796673724;108.90016115954;1;11;3;1
74;3;4.31507064147831;141.49964771258;1;11;3;1
74;4;3.17972291827549;116.748026895424;1;11;3;1
74;5;3.15959691230317;113.998847674909;1;11;3;1
74;6;2.95223731122592;101.632582835553;1;11;3;1
74;7;4.09799086516291;141.274294031302;1;11;3;1
74;8;4.30006135202477;142.740574499198;1;11;3;1
74;9;2.02048920369523;91.1117472640305;1;11;3;1
74;10;3.06536919481224;105.266712613884;1;11;3;1
74;11;3.01307295721415;114.159490095157;1;11;3;1
74;12;2.73341544800046;105.55269353356;1;11;3;1
74;13;2.45445880403197;94.6521772399782;1;11;3;1
74;14;2.73064969360572;104.318673020924;1;11;3;1
74;15;3.58985610777913;132.718963129025;1;11;3;1
75;1;4.04972698014223;140.482915365384;1;11;3;1
75;2;3.05413906120641;109.511320685068;1;11;3;1
75;3;4.1911424622081;144.447205847193;1;11;3;1
75;4;3.20969117230829;118.454931423291;1;11;3;1
75;5;2.91166185571379;116.063794732053;1;11;3;1
75;6;2.81908196724276;102.723102758977;1;11;3;1
75;7;3.8381288287503;141.278653711357;1;11;3;1
75;8;3.98548973658467;142.63410171696;1;11;3;1
75;9;2.15896929612797;91.3150689879561;1;11;3;1
75;10;3.06831107628081;109.210478577205;1;11;3;1
75;11;3.17410706742668;118.800496478383;1;11;3;1
75;12;2.67213695116318;107.032605199902;1;11;3;1
75;13;2.60265959377703;94.7680167137081;1;11;3;1
75;14;2.90336352636878;104.728097072423;1;11;3;1
75;15;3.66129809080197;133.893966215421;1;11;3;1
76;1;4.13876953266296;142.812043391569;1;11;3;1
76;2;2.8246529379363;109.588995562266;1;11;3;1
76;3;4.37143197608915;145.352033076657;1;11;3;1
76;4;3.19595498886644;119.491523196382;1;11;3;1
76;5;3.16985218787826;116.916030407324;1;11;3;1
76;6;2.58673113284901;103.254885087243;1;11;3;1
76;7;4.23274287478852;142.213880456182;1;11;3;1
76;8;4.09833646150272;142.329427840899;1;11;3;1
76;9;2.22231044015191;92.643349572179;1;11;3;1
76;10;2.97597606496024;107.704856017196;1;11;3;1
76;11;3.34129829183348;118.379874797942;1;11;3;1
76;12;2.91908174744163;107.116620964076;1;11;3;1
76;13;2.55632961519022;93.8210809181519;1;11;3;1
76;14;3.19984516556565;109.541000140526;1;11;3;1
76;15;3.60135976761461;136.89770076151;1;11;3;1
77;1;4.03620086706636;144.176320615254;1;11;3;1
77;2;2.87524510505564;111.004642980988;1;11;3;1
77;3;4.11132437530541;146.606134169433;1;11;3;1
77;4;3.11763174996385;118.428314694929;1;11;3;1
77;5;2.97028661181212;115.431679941009;1;11;3;1
77;6;2.64015528151824;105.07499143728;1;11;3;1
77;7;3.96709941579981;144.707708065762;1;11;3;1
77;8;4.03518833405011;144.790613861801;1;11;3;1
77;9;2.13821795086494;92.1676317677805;1;11;3;1
77;10;3.15598153330239;108.503717548029;1;11;3;1
77;11;3.37465119219124;120.440523520402;1;11;3;1
77;12;2.83676796900637;107.942358983906;1;11;3;1
77;13;2.31064139008546;97.4156658241001;1;11;3;1
77;14;2.63906154009556;108.512273264719;1;11;3;1
77;15;3.89626669119514;138.756660363617;1;11;3;1
